document_type,record_ipno
NAR,76000140
ITF,76000036
NAR,52000515
NAR,40000429
NAR,72000258
ITF,40000551
NAR,72000149
NAR,72000048
NAR,72001001
NAR,72000169
ITF,63000520
NAR,63000121
ITF,76000216
NAR,72000209
NAR,72000226
NAR,72000674
ITF,52000208
ITF,76000033
NAR,40000396
NAR,76000183
NAR,40000585
NAR,72000323
NAR,72000251
NAR,76000108
NAR,72000867
NAR,76000192
ITF,52000073
ITF,63000191
NAR,72000194
ITF,76000004
NAR,40000333
NAR,40000278
ITF,40000290
NAR,52000376
NAR,72000602
ITF,40000299
ITF,72000144
ITF,52000266
ITF,76000180
NAR,52000159
ITF,52000249
ITF,52000288
NAR,72000276
NAR,40000496
NAR,72000017
NAR,72001020
NAR,63000288
ITF,40000118
NAR,52000362
ITF,53000066
NAR,40000026
ITF,72000123
NAR,40000088
NAR,40000511
ITF,52000114
NAR,76000274
ITF,52000606
NAR,63000064
NAR,52000365
ITF,72000013
ITF,76000359
NAR,72000099
ITF,40000072
ITF,52000663
NAR,40000148
ITF,40000428
NAR,52000652
NAR,52000427
NAR,76000008
NAR,63000012
ITF,52000706
NAR,72000208
NAR,72001003
ITF,76000333
NAR,76000369
NAR,52000638
NAR,63000084
ITF,76000259
NAR,72000222
NAR,76000022
ITF,52000748
ITF,72000345
NAR,52000762
NAR,40000235
NAR,72000093
NAR,40000553
ITF,52000039
NAR,52000460
ITF,63000244
NAR,52000391
NAR,52000072
ITF,52000078
ITF,76000163
ITF,40000359
ITF,40000483
NAR,40000113
NAR,52000446
ITF,63000088
NAR,76000138
NAR,40000232
ITF,72000280
NAR,40000356
NAR,76000065
ITF,52000394
NAR,40000572
NAR,76000057
ITF,76000023
ITF,63000304
NAR,63000252
NAR,76000378
ITF,63000043
NAR,63000098
NAR,40000139
ITF,76000058
ITF,40000511
ITF,52000383
NAR,76000334
NAR,63000284
NAR,40000224
NAR,63000329
NAR,63000164
ITF,76000090
ITF,76000249
ITF,52000555
NAR,40000065
NAR,76000037
ITF,40000062
ITF,52000674
NAR,40000476
NAR,72001064
NAR,40000430
NAR,40000371
NAR,63000062
ITF,72000664
NAR,76000082
NAR,52000757
NAR,40000279
NAR,40000509
NAR,40000316
NAR,52000482
NAR,72000820
NAR,52000002
NAR,63000122
NAR,40000600
ITF,76000133
NAR,63000262
ITF,72000247
NAR,72000189
NAR,40000061
NAR,40000097
ITF,40000389
NAR,53000104
NAR,40000206
ITF,76000153
ITF,40000375
NAR,52000539
NAR,72000301
NAR,40000474
ITF,72000236
NAR,40000459
NAR,76000199
NAR,40000166
ITF,72000052
NAR,63000275
NAR,52000677
ITF,53000125
NAR,72000174
ITF,76000140
NAR,40000175
NAR,63000002
NAR,40000510
ITF,40000246
NAR,63000183
NAR,76000247
NAR,72000299
NAR,63000280
NAR,52000178
NAR,72000023
ITF,52000327
NAR,53000109
NAR,72000170
NAR,40000240
NAR,72000815
NAR,40000382
ITF,76000150
ITF,40000063
ITF,72000162
NAR,76000139
NAR,40000445
NAR,72000322
ITF,40000126
NAR,52000075
NAR,72001013
ITF,52000716
ITF,76000046
NAR,76000370
NAR,40000060
ITF,40000442
NAR,72000055
NAR,40000072
NAR,63000019
ITF,63000192
ITF,72000318
ITF,52000365
NAR,72000230
NAR,53000085
NAR,52000292
NAR,76000020
NAR,63000088
ITF,72000167
NAR,72000249
NAR,72000150
NAR,63000197
NAR,52000120
ITF,40000344
ITF,52000611
ITF,72000005
ITF,72000132
NAR,72000327
ITF,72000153
NAR,40000640
NAR,52000493
ITF,53000131
NAR,52000243
NAR,63000266
ITF,52000326
ITF,52000688
NAR,40000402
NAR,40000617
ITF,72000170
NAR,40000358
ITF,63000278
NAR,72000317
ITF,40000327
ITF,63000160
NAR,63000388
ITF,40000607
ITF,40000399
NAR,76000021
NAR,40000602
NAR,72000100
NAR,40000486
NAR,76000354
ITF,72000048
ITF,72000305
NAR,40000481
ITF,40000665
NAR,40000649
ITF,52000609
ITF,63000445
ITF,52000639
NAR,52000264
NAR,63000159
NAR,52000042
NAR,76000407
NAR,76000147
ITF,52000405
NAR,40000497
NAR,63000152
ITF,40000529
NAR,52000495
ITF,72000008
NAR,76000217
NAR,63000314
ITF,52000418
NAR,72000177
NAR,72000399
ITF,53000015
NAR,40000055
ITF,52000384
NAR,52000587
NAR,76000392
NAR,52000738
ITF,72000657
NAR,40000282
NAR,40000495
NAR,52000328
ITF,72000237
ITF,52000673
ITF,52000422
ITF,76000143
NAR,63000095
NAR,63000097
NAR,63000027
ITF,52000102
NAR,52000062
NAR,40000527
NAR,72000082
NAR,63000055
ITF,52000161
NAR,40000034
NAR,40000053
ITF,72000333
NAR,72000273
NAR,40000560
ITF,40000576
NAR,76000051
ITF,63000267
NAR,72000090
ITF,72000045
NAR,52000684
NAR,63000214
ITF,40000175
NAR,52000252
ITF,63000055
NAR,76000364
NAR,76000185
NAR,72000886
ITF,52000713
NAR,41000003
NAR,40000322
NAR,72000358
NAR,40000283
NAR,52000128
NAR,76000017
NAR,76000047
NAR,72000841
ITF,40000208
NAR,72000604
NAR,63000303
NAR,76000025
ITF,72000860
NAR,52000250
NAR,63000026
ITF,40000385
NAR,76000145
NAR,63000254
NAR,76000297
ITF,41000081
NAR,72000268
ITF,52000219
NAR,41000005
NAR,52000728
NAR,52000266
ITF,52000448
NAR,76000144
ITF,72000670
NAR,72000608
NAR,76000195
NAR,40000387
ITF,63000468
ITF,52000321
NAR,40000150
NAR,72000826
ITF,52000528
NAR,63000369
NAR,76000197
NAR,53000131
NAR,40000043
NAR,40000660
ITF,72000149
NAR,52000673
NAR,52000719
ITF,40000021
ITF,40000348
ITF,76000388
NAR,76000327
ITF,52000272
NAR,72000088
NAR,72000242
NAR,63000120
NAR,52000420
NAR,76000075
ITF,40000236
NAR,63000281
ITF,63000199
NAR,72000223
NAR,52000637
NAR,76000151
NAR,72000080
NAR,52000259
NAR,52000701
ITF,76000369
NAR,52000003
NAR,52000298
NAR,53000062
ITF,52000460
NAR,40000273
ITF,40000649
ITF,52000140
NAR,72000397
NAR,76000326
NAR,72000402
ITF,40000209
NAR,40000638
ITF,52000481
NAR,76000062
ITF,40000620
NAR,72000770
ITF,72000677
NAR,52000748
NAR,40000415
NAR,63000035
NAR,76000381
ITF,72000403
NAR,72000591
NAR,63000198
ITF,76000071
NAR,52000468
NAR,52000418
NAR,52000469
ITF,72000321
ITF,40000068
NAR,52000586
NAR,52000309
ITF,63000284
ITF,52000223
ITF,76000209
ITF,40000364
NAR,76000175
NAR,76000048
ITF,40000440
NAR,76000071
NAR,52000205
ITF,72000070
NAR,52000627
NAR,72000011
ITF,76000328
ITF,72000772
NAR,72000583
NAR,40000482
NAR,52000283
ITF,76000106
ITF,72000294
ITF,40000131
ITF,52000310
NAR,40000192
ITF,52000683
NAR,76000105
ITF,40000541
NAR,72000396
NAR,40000643
NAR,72000738
NAR,63000200
NAR,63000196
ITF,52000553
ITF,72000740
ITF,52000556
NAR,72000789
NAR,72000073
NAR,52000237
NAR,40000610
NAR,40000193
NAR,72000351
ITF,63000145
NAR,63000290
NAR,52000374
ITF,76000037
NAR,76000114
ITF,63000025
ITF,52000519
NAR,63000224
NAR,40000413
NAR,52000189
NAR,52000459
NAR,76000202
NAR,63000065
ITF,63000206
ITF,72001035
NAR,40000455
NAR,52000082
NAR,63000239
NAR,52000689
ITF,52000600
ITF,40000467
NAR,63000132
NAR,63000162
ITF,52000464
NAR,63000341
NAR,76000126
NAR,52000700
NAR,72000062
ITF,63000286
NAR,52000271
NAR,52000472
ITF,40000661
NAR,52000426
NAR,52000753
NAR,63000186
ITF,63000131
NAR,40000654
NAR,72000714
ITF,52000439
ITF,72000073
ITF,63000102
NAR,40000636
NAR,53000097
NAR,40000196
ITF,63000238
ITF,40000333
NAR,40000391
NAR,63000210
ITF,63000321
ITF,52000290
NAR,72000597
NAR,52000167
ITF,52000068
NAR,72000010
NAR,76000270
ITF,72000194
ITF,63000154
NAR,52000771
ITF,40000552
NAR,52000770
NAR,40000082
ITF,40000461
ITF,40000155
NAR,40000436
ITF,76000282
NAR,40000236
ITF,52000337
NAR,63000244
NAR,40000385
ITF,40000048
ITF,52000322
NAR,40000366
NAR,52000634
NAR,52000093
ITF,52000309
NAR,52000369
ITF,40000147
NAR,76000036
NAR,52000582
NAR,52000251
NAR,72000221
ITF,72000107
NAR,52000055
ITF,63000474
NAR,72001058
NAR,72000750
ITF,76000164
NAR,40000168
NAR,63000283
NAR,52000550
NAR,40000182
ITF,52000527
NAR,72000069
ITF,40000629
ITF,52000163
NAR,63000137
ITF,72000043
NAR,40000025
NAR,40000597
NAR,76000275
ITF,52000698
NAR,52000115
NAR,63000377
ITF,40000638
ITF,63000002
NAR,52000566
NAR,40000438
NAR,52000364
NAR,72000393
NAR,40000517
NAR,72000810
NAR,40000281
ITF,76000392
ITF,52000346
NAR,40000363
ITF,52000523
ITF,76000295
NAR,40000471
NAR,63000050
NAR,52000505
NAR,76000003
NAR,40000123
ITF,76000132
ITF,72000119
NAR,63000058
NAR,76000248
NAR,52000276
NAR,52000258
ITF,40000089
NAR,52000378
NAR,76000137
NAR,63000317
NAR,72000661
NAR,72000212
ITF,52000537
NAR,76000158
NAR,63000131
NAR,52000707
ITF,40000342
NAR,63000009
ITF,40000518
NAR,63000119
NAR,52000657
ITF,76000350
ITF,40000352
NAR,63000087
NAR,72000094
NAR,52000348
NAR,72000603
ITF,76000311
NAR,72000349
NAR,76000321
ITF,76000386
NAR,40000443
NAR,63000103
ITF,76000144
NAR,72000002
NAR,52000437
ITF,72000303
ITF,63000279
NAR,52000431
NAR,76000030
NAR,40000153
NAR,72000357
NAR,63000076
NAR,52000118
NAR,40000370
ITF,40000401
NAR,40000129
NAR,76000024
NAR,72000144
NAR,52000313
NAR,52000254
NAR,52000445
ITF,72000400
NAR,52000398
NAR,63000293
ITF,63000153
NAR,40000490
NAR,72000259
ITF,72000063
NAR,52000410
ITF,76000351
NAR,52000170
NAR,52000403
NAR,52000483
NAR,40000199
ITF,40000466
ITF,72000141
NAR,52000386
NAR,40000164
NAR,63000135
NAR,72000297
NAR,52000058
ITF,40000064
ITF,72000714
NAR,52000751
NAR,40000266
NAR,53000092
NAR,76000031
NAR,40000110
NAR,52000465
ITF,63000048
NAR,72000380
ITF,72000060
ITF,53000075
NAR,40000484
NAR,76000066
NAR,76000351
ITF,63000354
NAR,76000014
NAR,40000160
ITF,40000515
ITF,52000469
NAR,52000481
NAR,72000316
ITF,52000380
ITF,76000334
NAR,40000056
ITF,76000186
NAR,63000193
NAR,40000042
NAR,52000320
ITF,53000054
NAR,76000333
NAR,72000673
ITF,40000597
NAR,76000155
ITF,63000056
NAR,52000339
NAR,52000312
ITF,72000876
ITF,63000472
NAR,40000393
NAR,41000244
NAR,63000109
NAR,40000440
ITF,40000102
ITF,76000161
NAR,72000152
ITF,72000707
NAR,40000548
NAR,52000375
NAR,52000105
NAR,40000561
NAR,76000243
NAR,40000209
NAR,40000170
NAR,76000088
ITF,72000244
NAR,40000102
NAR,52000747
ITF,52000227
NAR,52000136
NAR,52000223
ITF,40000104
NAR,40000550
ITF,52000570
NAR,40000582
NAR,63000241
ITF,52000714
ITF,40000445
NAR,52000270
NAR,72000345
NAR,40000399
NAR,76000135
NAR,40000093
ITF,40000578
NAR,63000316
ITF,40000471
NAR,72000233
NAR,52000584
NAR,76000412
NAR,40000276
ITF,63000203
ITF,72000764
NAR,40000142
NAR,72000766
ITF,63000033
ITF,72000877
NAR,76000389
ITF,76000039
NAR,63000046
NAR,40000458
NAR,40000059
ITF,76000242
NAR,52000500
NAR,52000765
NAR,40000179
NAR,72001022
NAR,40000049
NAR,52000556
ITF,72000242
NAR,40000423
NAR,40000500
ITF,76000409
NAR,40000303
NAR,52000686
NAR,72000838
ITF,52000539
NAR,63000010
ITF,40000166
NAR,41000001
NAR,52000581
NAR,52000112
NAR,40000271
NAR,72001032
NAR,52000121
NAR,52000759
NAR,52000585
NAR,52000269
NAR,72000394
NAR,52000280
NAR,76000125
NAR,40000136
ITF,52000077
NAR,40000587
ITF,40000450
ITF,72000689
NAR,72000282
NAR,52000021
NAR,72000743
NAR,72000587
NAR,40000342
ITF,72000711
ITF,52000662
NAR,63000141
NAR,72000061
NAR,63000305
NAR,53000138
NAR,40000180
ITF,63000531
NAR,52000598
NAR,40000620
ITF,52000375
NAR,72000260
NAR,72000660
NAR,40000537
ITF,52000446
ITF,52000558
ITF,63000065
NAR,52000616
NAR,72000037
ITF,52000423
NAR,40000184
NAR,63000231
NAR,40000138
ITF,40000555
NAR,63000175
NAR,72000225
ITF,52000485
ITF,52000285
ITF,53000067
ITF,52000764
ITF,72000204
NAR,53000110
NAR,72000219
ITF,52000386
NAR,63000085
NAR,72000277
NAR,52000306
NAR,40000233
NAR,40000045
NAR,52000608
NAR,40000172
NAR,76000091
ITF,76000281
ITF,76000087
ITF,40000014
NAR,63000041
ITF,52000197
ITF,40000259
NAR,40000274
NAR,40000350
ITF,52000510
NAR,40000289
NAR,40000297
ITF,63000364
NAR,63000039
ITF,40000635
NAR,63000304
NAR,72000582
NAR,63000307
NAR,40000523
NAR,52000474
NAR,76000055
NAR,76000318
NAR,76000410
NAR,52000177
NAR,52000736
NAR,63000133
ITF,40000383
NAR,40000435
NAR,76000170
NAR,40000131
ITF,72000020
NAR,40000616
ITF,76000082
NAR,76000143
NAR,40000015
NAR,52000611
ITF,72000224
ITF,40000198
ITF,52000647
NAR,40000513
ITF,40000392
NAR,72000343
ITF,40000303
NAR,52000444
ITF,52000641
ITF,76000219
ITF,40000593
ITF,63000028
NAR,72000354
NAR,52000703
ITF,63000460
NAR,40000306
ITF,72000857
NAR,76000061
ITF,52000612
ITF,40000132
ITF,72000413
ITF,72001049
NAR,53000078
NAR,52000211
NAR,72000659
ITF,52000557
NAR,52000212
NAR,40000128
NAR,72000054
ITF,40000331
NAR,76000044
NAR,63000166
NAR,40000604
NAR,52000596
NAR,76000131
ITF,72000285
ITF,40000080
NAR,40000408
NAR,76000148
NAR,63000354
NAR,52000155
NAR,52000576
ITF,40000311
NAR,52000573
NAR,63000134
NAR,63000112
NAR,72000102
NAR,52000160
NAR,53000055
ITF,52000568
NAR,52000299
ITF,52000360
ITF,40000341
NAR,52000235
ITF,63000380
ITF,63000119
ITF,40000144
ITF,72000104
NAR,72000156
ITF,76000368
ITF,40000543
NAR,72000418
NAR,72001021
NAR,40000534
NAR,63000475
NAR,72000116
ITF,52000329
NAR,63000223
ITF,52000737
NAR,40000475
NAR,52000766
NAR,52000246
ITF,52000237
ITF,72000870
NAR,63000195
NAR,72000092
ITF,40000491
ITF,40000412
ITF,76000214
ITF,63000217
NAR,52000441
ITF,40000275
NAR,76000276
NAR,40000645
ITF,63000194
NAR,72000133
NAR,52000334
ITF,72000839
ITF,63000019
NAR,63000014
NAR,63000389
NAR,76000255
NAR,63000007
ITF,63000432
NAR,72000837
NAR,76000375
NAR,52000570
NAR,72000118
NAR,72000167
NAR,40000355
ITF,63000112
NAR,52000238
NAR,40000165
NAR,63000146
NAR,63000510
NAR,52000371
NAR,40000441
NAR,52000278
NAR,40000217
NAR,72001052
NAR,72000075
NAR,52000077
NAR,53000068
NAR,40000090
NAR,63000218
ITF,76000195
NAR,63000528
ITF,52000118
NAR,63000432
NAR,40000592
NAR,52000473
NAR,72000191
ITF,40000008
ITF,63000352
NAR,40000225
NAR,52000056
NAR,40000579
NAR,40000108
NAR,72000193
ITF,63000283
ITF,52000447
NAR,52000396
NAR,76000119
NAR,72000146
NAR,63000015
NAR,40000329
ITF,76000312
NAR,52000727
ITF,72000355
NAR,72000113
NAR,76000229
ITF,40000583
NAR,63000233
ITF,72000292
NAR,52000615
NAR,52000123
NAR,52000229
ITF,63000107
NAR,40000419
NAR,63000185
NAR,76000200
ITF,52000680
NAR,52000176
ITF,52000644
NAR,76000013
NAR,63000071
ITF,72000709
NAR,72001009
ITF,76000318
NAR,40000512
NAR,76000038
NAR,40000651
NAR,63000270
ITF,40000160
NAR,52000520
NAR,63000150
ITF,40000090
NAR,72000761
ITF,40000494
ITF,52000330
NAR,63000295
ITF,63000334
ITF,72001002
NAR,72000359
NAR,72000036
NAR,52000674
NAR,72000352
ITF,52000596
NAR,63000282
NAR,76000347
ITF,53000120
NAR,72000686
NAR,52000239
NAR,72000210
ITF,63000209
NAR,72000842
NAR,40000361
NAR,52000171
NAR,72000679
NAR,52000297
ITF,72000227
NAR,76000121
ITF,76000234
NAR,76000268
NAR,63000081
NAR,40000556
NAR,40000195
NAR,52000749
ITF,76000098
NAR,52000195
NAR,40000083
NAR,52000711
ITF,40000034
NAR,52000466
NAR,40000404
NAR,52000667
ITF,63000201
ITF,53000019
ITF,76000376
ITF,52000751
NAR,76000292
NAR,76000250
NAR,76000372
NAR,52000725
NAR,40000174
ITF,72000609
NAR,40000434
NAR,40000103
NAR,63000116
ITF,76000016
NAR,63000022
NAR,72000155
ITF,63000538
ITF,72000878
NAR,72000409
NAR,63000309
NAR,40000343
NAR,52000268
ITF,76000072
NAR,63000330
ITF,40000308
NAR,63000240
NAR,52000557
NAR,72000034
NAR,63000353
ITF,63000446
NAR,52000639
NAR,52000731
NAR,76000249
ITF,52000608
ITF,52000494
NAR,72000760
NAR,76000182
NAR,40000519
NAR,63000469
NAR,63000306
NAR,72000033
NAR,52000241
ITF,53000028
NAR,72000847
ITF,76000184
NAR,63000156
NAR,72000326
ITF,40000288
NAR,52000632
ITF,72000749
NAR,52000735
NAR,63000155
NAR,72000347
NAR,72000859
ITF,76000283
ITF,40000510
NAR,63000043
ITF,52000511
NAR,76000101
NAR,40000298
NAR,40000424
ITF,72000854
ITF,52000491
ITF,63000210
ITF,40000197
NAR,52000179
ITF,76000332
NAR,63000343
NAR,52000690
NAR,63000285
NAR,52000717
NAR,52000088
NAR,40000615
NAR,76000172
NAR,52000569
NAR,52000720
ITF,63000269
NAR,63000030
NAR,72001040
NAR,52000435
ITF,52000633
ITF,40000363
NAR,40000390
NAR,76000134
NAR,72000756
ITF,63000307
NAR,52000443
NAR,40000046
NAR,40000601
ITF,76000142
NAR,76000340
ITF,76000261
NAR,40000498
ITF,40000589
NAR,76000133
NAR,52000078
ITF,72000029
ITF,52000425
ITF,40000188
ITF,72001018
NAR,76000168
NAR,72000668
NAR,52000643
NAR,52000767
NAR,53000125
NAR,63000138
NAR,52000744
NAR,52000273
NAR,63000029
ITF,72000003
NAR,72000818
NAR,40000222
NAR,52000166
ITF,76000025
NAR,40000069
NAR,76000408
NAR,40000104
NAR,40000081
ITF,76000356
ITF,72000114
NAR,63000008
NAR,72000862
NAR,40000619
NAR,40000226
NAR,76000329
ITF,52000771
NAR,40000478
NAR,72000852
NAR,40000567
NAR,72000653
NAR,40000234
NAR,40000598
NAR,76000012
NAR,63000272
ITF,76000085
ITF,52000664
NAR,72000825
NAR,52000087
NAR,63000531
NAR,52000646
ITF,72000837
ITF,63000148
ITF,72000767
ITF,52000575
NAR,40000375
ITF,40000382
ITF,40000365
NAR,40000552
NAR,52000467
NAR,72000883
NAR,63000184
NAR,63000291
ITF,72001034
NAR,40000642
ITF,63000404
ITF,76000217
NAR,40000518
NAR,52000503
ITF,40000356
NAR,52000752
ITF,52000150
NAR,72000089
NAR,76000221
ITF,52000543
ITF,52000176
NAR,72000330
NAR,72000348
ITF,63000349
NAR,40000098
NAR,52000359
ITF,52000532
NAR,40000213
NAR,40000001
ITF,63000296
NAR,72000114
NAR,72001036
NAR,40000325
NAR,63000016
ITF,72000082
ITF,40000425
ITF,63000463
ITF,52000335
ITF,40000321
NAR,40000431
NAR,52000710
NAR,63000096
NAR,72000585
ITF,72000768
NAR,40000590
NAR,72000153
NAR,40000522
NAR,52000671
ITF,40000309
ITF,76000220
ITF,72000322
NAR,72000245
ITF,53000017
NAR,52000272
ITF,40000426
ITF,52000116
ITF,40000059
NAR,40000327
ITF,63000300
NAR,52000379
NAR,52000113
NAR,52000247
NAR,72000009
NAR,52000165
NAR,40000427
ITF,40000528
NAR,63000211
NAR,40000126
ITF,40000489
ITF,63000317
NAR,63000127
NAR,76000056
NAR,76000284
NAR,40000068
NAR,76000102
NAR,40000656
ITF,72000309
NAR,72000132
NAR,76000090
NAR,52000380
ITF,72000338
NAR,40000603
NAR,40000074
NAR,76000171
NAR,52000114
ITF,63000473
NAR,40000112
NAR,52000668
NAR,40000070
NAR,72000680
NAR,52000633
ITF,40000378
ITF,72000863
NAR,72000792
NAR,72000388
NAR,63000261
ITF,76000191
ITF,76000227
ITF,63000516
ITF,63000264
ITF,52000388
ITF,52000382
ITF,40000447
ITF,72000344
ITF,40000196
ITF,40000345
NAR,52000131
NAR,40000412
NAR,40000483
NAR,72000819
NAR,40000586
NAR,52000578
NAR,52000225
NAR,40000301
ITF,76000400
NAR,52000377
NAR,40000569
NAR,40000421
ITF,40000636
NAR,52000022
ITF,72000097
ITF,76000257
NAR,52000190
ITF,72001001
ITF,40000592
ITF,52000721
NAR,76000058
ITF,76000028
NAR,40000368
NAR,72000151
ITF,52000338
NAR,40000176
NAR,63000313
ITF,52000506
ITF,72001032
ITF,52000096
ITF,52000503
NAR,72000742
NAR,52000641
ITF,52000733
NAR,76000324
NAR,40000341
ITF,52000592
NAR,76000157
NAR,40000205
ITF,72000684
ITF,63000306
ITF,40000291
ITF,76000226
NAR,52000679
ITF,63000114
NAR,41000327
ITF,52000561
NAR,76000026
ITF,40000616
NAR,72000309
NAR,40000588
NAR,40000212
NAR,52000067
NAR,52000187
ITF,76000399
NAR,63000517
NAR,40000557
ITF,63000245
NAR,40000244
NAR,52000511
NAR,63000521
NAR,63000052
ITF,76000289
NAR,40000420
ITF,53000076
ITF,72000067
NAR,63000161
NAR,52000285
NAR,63000180
NAR,40000312
NAR,40000302
ITF,52000342
ITF,72000087
ITF,40000567
NAR,72000390
ITF,72000852
NAR,52000203
ITF,63000465
NAR,72000860
NAR,72000331
NAR,72000708
NAR,52000591
NAR,72000182
ITF,72000380
NAR,40000203
NAR,63000144
NAR,40000570
NAR,41000375
NAR,40000407
ITF,40000388
NAR,76000115
ITF,52000354
ITF,63000344
NAR,52000394
ITF,72000690
ITF,52000105
ITF,52000412
ITF,63000093
ITF,40000449
NAR,63000059
NAR,76000186
NAR,52000612
NAR,52000209
ITF,72000078
ITF,72000347
NAR,72000287
NAR,72000772
ITF,72000072
ITF,63000044
NAR,52000248
NAR,72001055
NAR,76000164
NAR,40000215
ITF,72001055
NAR,40000223
NAR,72000305
ITF,40000367
ITF,76000255
ITF,72000352
NAR,63000250
ITF,72000221
NAR,63000347
ITF,72000091
NAR,52000224
NAR,72000229
ITF,40000113
ITF,40000455
ITF,63000299
ITF,63000260
NAR,72000253
NAR,52000291
NAR,52000013
ITF,76000373
NAR,40000094
ITF,52000649
NAR,76000100
NAR,63000479
NAR,72000215
NAR,40000349
NAR,72000295
ITF,52000233
NAR,40000596
NAR,40000052
ITF,72000089
NAR,76000032
NAR,40000386
NAR,63000212
ITF,72000260
ITF,63000188
NAR,72000143
NAR,63000187
NAR,52000245
ITF,72001024
NAR,76000053
NAR,72000187
ITF,72000007
NAR,72001034
NAR,52000161
NAR,40000565
NAR,76000311
ITF,63000331
ITF,52000597
NAR,63000229
ITF,72000360
ITF,72000037
NAR,40000326
NAR,52000085
NAR,76000344
NAR,52000663
NAR,63000192
ITF,40000170
NAR,63000204
NAR,40000665
NAR,76000005
ITF,72000004
NAR,76000096
ITF,72000301
NAR,76000246
NAR,63000177
ITF,40000330
ITF,52000293
ITF,52000378
NAR,72000848
ITF,52000408
ITF,40000081
NAR,40000292
ITF,40000201
NAR,52000680
NAR,72000878
NAR,72000308
NAR,40000243
NAR,52000568
NAR,52000621
ITF,72000203
ITF,52000340
NAR,52000102
NAR,72000329
ITF,40000100
ITF,52000671
ITF,52000653
ITF,52000675
NAR,72000400
ITF,40000115
NAR,40000201
NAR,52000393
NAR,72000684
ITF,40000402
NAR,52000343
NAR,63000227
ITF,52000533
NAR,76000159
ITF,63000242
NAR,52000769
NAR,40000311
NAR,52000287
NAR,40000447
NAR,63000036
NAR,52000345
NAR,40000258
NAR,52000712
NAR,52000602
ITF,63000515
ITF,76000183
NAR,63000173
ITF,72000228
NAR,72000872
NAR,40000114
NAR,40000152
NAR,72000198
NAR,40000353
NAR,63000169
NAR,52000181
ITF,76000238
ITF,63000172
NAR,76000357
NAR,52000301
ITF,76000395
NAR,52000659
NAR,52000475
NAR,40000648
ITF,76000246
NAR,52000337
NAR,52000506
ITF,76000084
NAR,53000093
ITF,72000872
ITF,40000222
NAR,40000464
ITF,72000075
ITF,53000099
NAR,72000044
NAR,52000554
ITF,40000400
NAR,63000242
ITF,72000210
NAR,52000656
ITF,63000312
ITF,72000832
ITF,52000397
NAR,40000647
ITF,76000108
ITF,72000024
ITF,40000448
ITF,40000035
ITF,76000335
NAR,63000328
NAR,40000571
NAR,72001042
ITF,76000063
NAR,63000302
ITF,72000822
ITF,76000313
ITF,72000128
NAR,72000007
ITF,52000704
ITF,76000177
NAR,52000617
ITF,63000228
ITF,40000474
ITF,72000239
NAR,63000205
NAR,52000519
ITF,72000187
NAR,52000669
NAR,52000648
ITF,40000151
NAR,72000807
NAR,52000366
NAR,40000047
ITF,63000041
NAR,52000206
NAR,63000044
NAR,63000158
NAR,63000264
NAR,76000120
ITF,40000469
ITF,40000229
ITF,40000645
NAR,76000023
ITF,76000088
NAR,40000185
ITF,40000283
ITF,72000038
ITF,63000003
NAR,72000303
NAR,72000119
ITF,72000126
NAR,63000011
NAR,72000188
NAR,63000136
NAR,63000086
NAR,40000637
ITF,63000237
ITF,40000558
NAR,76000317
NAR,52000317
ITF,40000296
NAR,40000171
ITF,53000139
NAR,72000350
NAR,40000463
NAR,63000031
ITF,40000627
NAR,40000635
NAR,52000231
NAR,40000257
NAR,63000178
NAR,52000267
NAR,63000260
ITF,52000419
ITF,40000432
ITF,72000627
ITF,40000003
ITF,63000246
NAR,40000448
NAR,63000151
ITF,52000389
NAR,72000140
NAR,52000618
NAR,40000508
NAR,63000203
ITF,63000376
NAR,40000389
ITF,52000488
ITF,52000222
ITF,72000287
NAR,40000439
NAR,63000033
NAR,40000373
ITF,76000159
ITF,63000078
ITF,76000200
ITF,40000053
NAR,40000133
NAR,72000269
NAR,72001025
NAR,63000249
NAR,40000477
NAR,72000821
NAR,63000245
ITF,52000207
ITF,40000125
NAR,40000237
ITF,72000047
ITF,40000122
NAR,40000220
NAR,63000179
ITF,63000185
NAR,40000118
NAR,72000670
NAR,52000216
NAR,40000563
NAR,52000488
ITF,76000156
NAR,52000729
ITF,76000107
NAR,76000376
ITF,63000537
NAR,52000761
ITF,72000769
ITF,76000110
NAR,40000406
NAR,72000596
ITF,52000672
NAR,40000468
NAR,63000128
ITF,52000278
ITF,76000125
ITF,63000471
ITF,72000147
NAR,40000354
ITF,52000090
ITF,72000065
NAR,40000198
ITF,76000014
NAR,52000737
NAR,76000269
NAR,52000504
ITF,63000239
NAR,72000666
NAR,76000262
NAR,40000446
NAR,52000315
ITF,72000330
ITF,40000643
NAR,72000130
ITF,40000016
NAR,52000069
ITF,63000525
NAR,63000013
ITF,40000141
ITF,63000173
NAR,52000221
NAR,72000822
ITF,40000582
ITF,72000151
NAR,53000075
NAR,72000165
ITF,52000637
ITF,76000245
ITF,72001009
NAR,52000168
ITF,40000347
NAR,76000314
ITF,72000081
NAR,52000486
NAR,52000687
NAR,72000339
NAR,63000072
NAR,52000360
NAR,72000712
NAR,52000388
NAR,52000279
NAR,52000599
NAR,76000098
NAR,72000681
ITF,72000745
ITF,40000598
NAR,52000001
NAR,72000310
NAR,52000134
ITF,52000257
NAR,52000642
NAR,52000772
NAR,40000554
NAR,52000740
ITF,40000168
ITF,72000791
NAR,40000526
ITF,40000497
NAR,76000052
ITF,52000643
NAR,72000178
NAR,72000123
NAR,76000064
NAR,63000247
NAR,72000204
NAR,40000395
NAR,72000078
NAR,52000293
ITF,76000035
ITF,72000343
ITF,72000759
NAR,76000142
ITF,72000156
NAR,76000383
NAR,52000509
NAR,72001218
ITF,63000417
NAR,40000397
NAR,72000008
NAR,40000149
ITF,52000308
NAR,40000078
NAR,40000521
ITF,76000355
ITF,76000243
NAR,40000210
ITF,72000258
ITF,63000295
NAR,76000328
ITF,76000391
NAR,76000099
NAR,52000442
ITF,40000253
ITF,76000024
ITF,40000120
ITF,63000462
NAR,53000076
NAR,72000053
NAR,72000081
NAR,72000711
NAR,63000021
ITF,63000416
NAR,52000607
ITF,53000002
ITF,40000608
NAR,63000006
NAR,76000136
NAR,53000028
ITF,52000299
NAR,63000182
NAR,72000052
ITF,63000180
NAR,52000277
ITF,52000465
ITF,72000416
NAR,72000181
NAR,63000202
NAR,52000414
ITF,40000123
NAR,52000164
ITF,72000339
ITF,40000640
ITF,52000376
ITF,72000349
ITF,63000214
NAR,63000299
ITF,40000231
ITF,63000255
NAR,52000355
NAR,52000750
NAR,72000324
NAR,63000349
ITF,52000236
ITF,53000110
ITF,72000354
NAR,72000076
ITF,63000205
NAR,52000025
NAR,72000588
NAR,63000213
NAR,52000232
NAR,52000307
ITF,40000410
ITF,76000357
NAR,52000323
NAR,72001024
NAR,63000516
ITF,40000257
NAR,40000163
NAR,40000177
NAR,76000348
ITF,72000018
ITF,52000531
ITF,52000350
ITF,40000052
NAR,63000335
NAR,40000248
NAR,63000352
ITF,52000712
NAR,52000383
NAR,40000426
ITF,63000122
NAR,72000876
NAR,76000184
NAR,72000325
NAR,72000001
ITF,41000004
NAR,40000365
NAR,52000349
NAR,72000279
NAR,40000188
ITF,76000403
NAR,76000092
ITF,52000725
ITF,76000413
NAR,40000336
ITF,63000314
ITF,76000053
NAR,72000176
ITF,52000339
ITF,72000324
NAR,63000038
NAR,72000224
NAR,52000034
ITF,76000393
ITF,63000121
NAR,52000145
NAR,52000447
NAR,53000099
NAR,40000155
ITF,52000449
ITF,53000101
NAR,72000677
NAR,52000215
NAR,52000457
ITF,72000083
NAR,40000541
NAR,40000457
NAR,52000480
ITF,63000086
ITF,76000268
ITF,72000744
NAR,52000567
NAR,52000755
ITF,52000765
ITF,63000288
NAR,52000497
NAR,53000134
ITF,72000320
NAR,40000348
NAR,76000225
ITF,63000503
NAR,72000341
NAR,52000439
NAR,52000390
NAR,76000073
ITF,76000202
ITF,63000171
NAR,52000256
NAR,63000104
NAR,63000279
NAR,40000143
ITF,40000138
NAR,72000271
ITF,40000172
ITF,40000524
NAR,76000204
ITF,72000200
NAR,52000655
ITF,63000231
NAR,72001005
NAR,72001017
NAR,72000298
ITF,63000274
NAR,76000252
ITF,40000587
ITF,52000758
ITF,52000304
ITF,76000099
ITF,63000140
ITF,76000113
ITF,76000121
NAR,40000639
NAR,63000048
ITF,72000152
NAR,52000463
NAR,40000612
NAR,72000084
ITF,76000384
ITF,72000137
NAR,52000471
NAR,76000358
NAR,63000508
ITF,40000463
NAR,72000832
NAR,53000127
NAR,72000074
NAR,40000268
NAR,72001016
ITF,52000616
ITF,52000678
ITF,76000252
NAR,52000083
ITF,40000553
ITF,40000287
NAR,40000064
NAR,72000344
ITF,63000075
NAR,63000054
NAR,40000514
NAR,52000290
NAR,72000311
NAR,72000398
ITF,40000316
NAR,52000695
NAR,52000685
ITF,52000707
ITF,72000825
NAR,52000154
ITF,40000199
NAR,76000085
ITF,63000290
ITF,52000226
NAR,72000834
NAR,40000346
NAR,72000356
ITF,52000743
NAR,72000292
NAR,63000426
NAR,52000147
ITF,76000154
ITF,52000410
NAR,72000662
NAR,52000494
NAR,63000207
ITF,40000559
NAR,40000239
ITF,63000066
NAR,72000175
NAR,76000386
ITF,52000628
NAR,40000422
ITF,63000315
ITF,72000582
ITF,76000111
ITF,72000246
ITF,72000603
NAR,52000490
NAR,52000561
NAR,63000040
NAR,52000352
ITF,40000083
NAR,72000880
ITF,63000302
ITF,52000154
ITF,76000181
ITF,52000287
NAR,76000041
NAR,76000287
NAR,40000035
NAR,52000430
ITF,72000218
ITF,52000509
NAR,40000264
NAR,40000261
NAR,72000264
ITF,40000273
NAR,52000572
NAR,52000516
ITF,40000266
NAR,63000018
NAR,72000235
ITF,72000211
NAR,72000046
NAR,52000351
NAR,52000051
NAR,52000117
NAR,52000594
ITF,63000046
ITF,40000349
NAR,72000051
NAR,52000228
NAR,53000054
NAR,52000704
ITF,40000599
ITF,63000029
NAR,72000206
NAR,76000110
NAR,72000220
ITF,63000395
NAR,76000371
ITF,76000136
NAR,76000141
ITF,72000589
NAR,63000298
NAR,52000274
ITF,40000183
NAR,40000270
NAR,76000220
NAR,63000113
NAR,72000751
ITF,40000114
NAR,40000187
NAR,72000195
ITF,76000230
NAR,63000265
NAR,40000432
NAR,40000398
ITF,52000242
NAR,40000632
NAR,40000555
NAR,53000067
ITF,52000370
NAR,72001500
NAR,76000050
ITF,72000818
NAR,52000508
ITF,72000763
ITF,63000054
ITF,52000452
ITF,40000295
NAR,40000294
NAR,72000813
NAR,72000126
NAR,72000828
NAR,52000401
ITF,63000408
NAR,76000283
NAR,72000286
ITF,76000260
ITF,76000076
ITF,76000083
ITF,76000210
NAR,52000175
NAR,40000547
NAR,53000136
ITF,40000174
NAR,52000419
NAR,53000019
NAR,72000163
ITF,53000134
NAR,40000191
NAR,76000132
NAR,76000396
NAR,40000437
NAR,52000417
NAR,63000225
ITF,40000473
ITF,63000496
ITF,72000819
NAR,40000614
NAR,72000203
NAR,76000331
ITF,40000596
ITF,40000067
NAR,40000116
ITF,76000354
NAR,52000589
NAR,52000275
NAR,52000487
ITF,40000565
NAR,40000309
ITF,52000435
ITF,72000064
ITF,72000002
ITF,40000315
NAR,72000336
NAR,76000213
NAR,52000560
NAR,76000078
NAR,40000307
NAR,52000347
NAR,52000356
ITF,76000235
ITF,63000466
ITF,53000124
NAR,72000754
ITF,52000374
NAR,40000021
NAR,52000563
ITF,40000562
NAR,72000162
ITF,53000136
ITF,40000601
NAR,40000006
ITF,63000396
NAR,52000548
ITF,72000327
ITF,76000278
NAR,40000315
ITF,63000169
NAR,40000599
NAR,72000749
ITF,52000159
NAR,76000034
ITF,72000308
ITF,52000554
NAR,40000376
ITF,40000443
ITF,72000050
NAR,40000158
NAR,52000038
NAR,63000060
ITF,40000624
ITF,76000338
ITF,72000340
ITF,40000300
ITF,72000197
NAR,63000259
ITF,72000289
ITF,72000233
NAR,52000647
NAR,52000099
ITF,52000752
ITF,52000258
NAR,40000066
ITF,52000203
NAR,63000124
ITF,40000470
NAR,76000174
NAR,72000314
NAR,76000273
NAR,52000514
ITF,52000404
NAR,40000502
ITF,52000238
NAR,72000690
NAR,76000312
ITF,53000140
NAR,40000485
NAR,76000035
NAR,52000429
NAR,40000117
ITF,72000742
NAR,52000552
ITF,40000650
NAR,63000083
NAR,72000312
ITF,76000103
NAR,53000089
NAR,52000284
NAR,72000827
NAR,72000833
NAR,40000089
NAR,40000214
NAR,72000868
NAR,40000141
NAR,76000076
NAR,63000123
ITF,63000262
ITF,72000213
NAR,52000477
NAR,76000169
NAR,76000251
ITF,40000622
NAR,52000395
ITF,52000738
NAR,52000213
NAR,63000467
ITF,40000394
NAR,52000412
NAR,72000240
NAR,72000285
ITF,40000232
NAR,40000323
ITF,63000071
NAR,52000009
ITF,72000310
ITF,40000540
NAR,52000186
NAR,72000038
NAR,52000705
NAR,40000466
NAR,72000232
ITF,40000279
ITF,52000757
NAR,63000253
NAR,72000228
ITF,40000591
NAR,52000367
ITF,72000054
ITF,40000277
NAR,72000154
ITF,52000727
NAR,52000014
NAR,40000634
NAR,72000592
ITF,72000417
ITF,72000146
ITF,41000329
ITF,63000309
NAR,72001030
NAR,40000575
ITF,76000251
NAR,63000108
ITF,52000280
NAR,40000469
NAR,40000099
NAR,72000064
ITF,72000351
NAR,52000893
ITF,40000261
ITF,40000439
ITF,76000007
ITF,72001016
NAR,76000223
NAR,63000005
NAR,40000125
ITF,76000298
NAR,63000067
NAR,76000398
ITF,40000071
ITF,72000186
NAR,76000388
ITF,76000139
NAR,72000060
NAR,52000202
NAR,76000072
NAR,40000589
NAR,40000595
NAR,40000574
NAR,52000764
ITF,52000668
ITF,52000686
ITF,40000486
NAR,52000220
NAR,40000338
ITF,63000193
ITF,52000393
ITF,76000319
ITF,76000304
ITF,76000187
ITF,52000363
ITF,40000546
NAR,72000338
ITF,72000357
ITF,72000154
ITF,63000259
ITF,40000526
NAR,40000580
NAR,63000003
NAR,52000035
NAR,52000697
NAR,52000295
NAR,72000214
NAR,72000306
ITF,63000144
NAR,72000217
ITF,63000477
NAR,72000812
ITF,76000330
NAR,40000227
ITF,76000371
NAR,40000583
ITF,52000658
ITF,63000178
ITF,40000043
NAR,52000063
NAR,52000305
NAR,72000120
NAR,52000555
ITF,40000207
ITF,40000478
NAR,40000621
ITF,40000306
NAR,40000410
NAR,72000211
ITF,52000552
ITF,76000204
ITF,72000885
NAR,40000418
NAR,52000076
NAR,72000158
NAR,40000564
NAR,52000595
NAR,52000007
ITF,41000001
NAR,72000709
ITF,40000516
ITF,76000189
ITF,40000634
ITF,63000005
NAR,40000162
ITF,76000116
NAR,76000027
ITF,52000500
ITF,40000116
NAR,72000284
ITF,72000397
NAR,53000132
NAR,72000281
ITF,40000243
NAR,63000145
ITF,52000387
NAR,72000598
ITF,53000138
NAR,72000030
NAR,53000106
NAR,52000545
NAR,76000219
ITF,72000077
NAR,52000183
NAR,72000278
NAR,72000199
NAR,40000641
ITF,63000092
NAR,40000073
NAR,76000045
NAR,72000851
NAR,52000311
ITF,76000329
ITF,72000665
NAR,40000573
ITF,40000239
NAR,72000218
NAR,76000015
NAR,52000324
NAR,63000157
ITF,40000504
NAR,40000208
NAR,72000293
NAR,72000192
ITF,40000536
NAR,40000115
ITF,76000317
ITF,40000250
ITF,52000684
ITF,40000204
NAR,72000337
NAR,40000456
NAR,40000624
ITF,63000067
NAR,40000662
ITF,72000861
ITF,52000667
ITF,52000569
NAR,40000016
ITF,72000071
NAR,52000126
NAR,63000236
ITF,72000225
NAR,52000261
ITF,40000082
NAR,72000627
ITF,40000219
NAR,52000059
NAR,40000161
NAR,72000020
NAR,76000049
NAR,72000056
NAR,40000251
NAR,40000414
ITF,72000402
NAR,40000372
ITF,72000312
NAR,63000032
NAR,41000002
NAR,76000018
NAR,40000646
ITF,76000405
NAR,72000676
NAR,72001268
NAR,40000317
ITF,63000179
ITF,63000281
NAR,76000365
NAR,52000095
ITF,72000679
NAR,52000650
ITF,52000679
NAR,40000494
ITF,63000197
NAR,52000640
ITF,63000134
NAR,40000381
NAR,53000066
NAR,76000116
NAR,76000368
ITF,63000142
ITF,40000358
ITF,72000792
ITF,52000735
ITF,40000167
NAR,40000296
ITF,72000836
ITF,72000173
ITF,72000325
NAR,52000672
NAR,52000282
ITF,72000392
NAR,76000267
NAR,72000882
ITF,63000077
ITF,52000769
ITF,52000693
NAR,63000063
NAR,72001050
ITF,72000168
ITF,52000434
ITF,40000398
ITF,63000049
NAR,72000685
ITF,63000247
NAR,52000484
ITF,72000291
NAR,76000083
NAR,76000106
ITF,40000329
NAR,40000017
ITF,76000122
ITF,40000477
NAR,40000328
ITF,40000372
NAR,63000080
NAR,52000089
ITF,52000599
ITF,63000089
ITF,72001005
NAR,63000176
NAR,40000265
NAR,63000263
NAR,52000354
ITF,63000006
NAR,76000002
ITF,63000275
NAR,40000347
NAR,52000104
ITF,40000269
NAR,52000754
ITF,72000163
ITF,52000332
ITF,40000047
NAR,52000103
NAR,40000241
ITF,72000307
ITF,40000605
ITF,52000482
NAR,72000085
NAR,76000109
NAR,76000203
ITF,40000084
ITF,40000539
NAR,63000110
ITF,40000487
ITF,63000062
NAR,63000255
ITF,63000233
NAR,40000159
NAR,40000657
NAR,72000201
ITF,52000459
NAR,52000743
NAR,72000665
ITF,63000335
ITF,72000001
ITF,76000100
ITF,72000755
NAR,76000399
ITF,76000352
ITF,40000492
ITF,63000313
ITF,63000276
NAR,53000086
NAR,52000010
NAR,52000197
NAR,52000188
NAR,52000385
ITF,63000342
ITF,76000228
NAR,40000416
ITF,40000124
ITF,52000550
NAR,40000259
NAR,72000103
NAR,40000339
NAR,63000056
ITF,63000211
ITF,72000812
NAR,72000004
ITF,63000441
NAR,40000383
NAR,40000080
NAR,40000663
NAR,52000433
ITF,76000061
NAR,63000020
ITF,40000105
NAR,72000319
NAR,76000094
NAR,52000558
NAR,52000631
ITF,72000778
ITF,52000694
NAR,40000299
NAR,63000191
ITF,63000135
NAR,40000096
ITF,72000222
NAR,72000291
ITF,40000547
ITF,63000294
ITF,63000110
NAR,76000107
NAR,52000370
ITF,53000123
ITF,72001029
NAR,40000425
NAR,76000040
NAR,72000318
ITF,40000482
NAR,52000491
ITF,63000353
NAR,52000422
NAR,40000079
NAR,52000691
NAR,52000428
NAR,40000539
NAR,72001002
NAR,63000139
NAR,40000454
NAR,40000558
NAR,40000584
ITF,40000055
NAR,40000106
ITF,72000180
NAR,63000324
ITF,76000407
NAR,40000105
NAR,76000403
NAR,52000006
ITF,76000070
NAR,72000744
ITF,76000149
ITF,53000121
ITF,63000301
ITF,63000030
NAR,63000237
NAR,40000320
NAR,40000154
NAR,40000340
NAR,40000613
ITF,72000394
NAR,40000505
NAR,72000256
NAR,76000286
ITF,40000537
NAR,63000045
NAR,63000188
ITF,40000284
NAR,40000520
ITF,53000097
NAR,72000231
NAR,52000346
NAR,72000145
NAR,76000059
ITF,63000010
NAR,52000694
NAR,76000181
NAR,72000107
NAR,52000381
ITF,52000499
NAR,52000688
ITF,72000687
ITF,52000648
ITF,52000585
NAR,40000499
NAR,52000397
NAR,40000288
ITF,76000006
NAR,63000301
ITF,76000066
ITF,53000132
NAR,63000102
NAR,52000741
NAR,52000518
ITF,63000216
ITF,72000035
ITF,76000374
NAR,52000096
NAR,72000863
ITF,72000586
NAR,72000171
NAR,40000530
NAR,76000113
ITF,52000702
NAR,52000152
NAR,40000531
NAR,40000256
ITF,72000066
NAR,40000173
NAR,52000600
NAR,53000137
ITF,52000377
NAR,63000118
ITF,40000522
NAR,52000626
NAR,40000229
NAR,52000629
ITF,52000475
ITF,63000137
NAR,52000198
NAR,72000759
ITF,40000429
NAR,72000109
ITF,52000088
ITF,63000111
NAR,63000037
NAR,72000243
NAR,72000275
NAR,72000414
ITF,52000075
ITF,76000223
NAR,76000211
ITF,72000348
NAR,40000313
NAR,63000078
ITF,72000259
NAR,63000130
NAR,40000111
NAR,52000141
NAR,76000067
NAR,72000168
ITF,52000314
ITF,40000415
ITF,76000112
NAR,63000024
ITF,63000059
NAR,72000853
ITF,63000257
NAR,40000380
NAR,52000692
NAR,72000105
NAR,40000075
ITF,40000180
ITF,40000488
ITF,52000615
NAR,76000117
NAR,72000262
ITF,63000155
NAR,63000278
NAR,40000207
NAR,76000315
ITF,52000156
ITF,63000389
ITF,72000208
NAR,72000342
NAR,40000549
NAR,63000319
NAR,53000139
ITF,72000190
NAR,52000060
NAR,72000407
NAR,40000392
NAR,40000029
ITF,63000166
NAR,76000352
ITF,52000366
NAR,76000330
NAR,52000715
NAR,52000005
ITF,52000474
NAR,72000180
ITF,63000236
NAR,40000109
NAR,52000758
NAR,72000173
NAR,63000271
NAR,40000559
ITF,40000323
NAR,63000459
NAR,52000402
NAR,52000559
ITF,40000235
NAR,72000355
ITF,52000749
NAR,52000644
NAR,72000346
NAR,52000300
ITF,40000092
NAR,72000315
NAR,40000183
NAR,52000448
ITF,52000586
NAR,52000068
NAR,40000249
ITF,72000625
NAR,52000452
NAR,76000001
NAR,40000629
ITF,52000385
NAR,52000382
ITF,52000092
NAR,63000017
ITF,52000002
NAR,76000104
NAR,40000576
ITF,76000069
NAR,52000191
ITF,72000838
ITF,40000664
NAR,52000675
NAR,76000112
ITF,72000223
ITF,76000271
NAR,52000664
ITF,52000710
NAR,40000664
NAR,52000411
ITF,40000332
ITF,52000564
NAR,52000409
ITF,40000301
ITF,53000092
NAR,63000075
ITF,63000105
NAR,63000273
ITF,63000330
NAR,52000456
ITF,72000828
NAR,72000239
ITF,52000613
ITF,63000032
NAR,76000401
NAR,72000857
NAR,52000336
ITF,63000449
NAR,76000046
NAR,72000040
NAR,72000353
ITF,52000451
NAR,72000808
NAR,63000226
NAR,52000649
NAR,40000367
NAR,52000549
ITF,40000495
ITF,52000630
ITF,72000253
NAR,72000039
NAR,40000230
ITF,40000191
ITF,63000170
ITF,40000289
ITF,52000636
ITF,52000656
NAR,40000491
NAR,40000473
NAR,72000855
NAR,72000125
ITF,40000065
ITF,63000298
ITF,52000325
ITF,72000317
NAR,40000401
NAR,72000070
NAR,40000465
ITF,40000460
ITF,72000080
NAR,40000403
NAR,72000134
ITF,40000149
ITF,40000285
ITF,72000710
NAR,40000151
ITF,40000374
NAR,72000590
ITF,63000325
ITF,40000595
NAR,76000150
NAR,40000362
ITF,63000254
NAR,52000119
NAR,76000084
NAR,63000243
ITF,72000217
NAR,72000200
ITF,76000119
ITF,76000178
ITF,63000310
NAR,40000444
ITF,63000227
NAR,63000222
ITF,63000221
ITF,72000100
NAR,76000313
ITF,52000008
ITF,52000507
ITF,52000594
ITF,72000049
NAR,72001038
NAR,76000028
ITF,40000531
NAR,76000074
NAR,72000688
NAR,72000605
ITF,52000433
NAR,72000265
NAR,52000541
NAR,52000742
NAR,52000562
NAR,52000485
ITF,52000006
NAR,76000341
ITF,72000068
NAR,72000148
NAR,52000458
ITF,40000580
NAR,52000702
NAR,63000256
ITF,52000164
NAR,40000633
NAR,63000163
NAR,63000257
ITF,76000017
NAR,72000157
ITF,52000311
ITF,40000520
NAR,40000566
ITF,72000084
ITF,52000440
ITF,76000211
ITF,52000443
ITF,40000480
NAR,52000606
NAR,40000388
ITF,72000046
NAR,76000385
NAR,72000179
NAR,52000470
ITF,63000130
NAR,40000591
ITF,76000337
ITF,76000064
ITF,53000122
ITF,63000470
ITF,63000156
ITF,72000155
NAR,40000310
NAR,52000699
NAR,52000230
ITF,63000263
NAR,72001008
NAR,40000067
ITF,52000442
ITF,72000202
ITF,76000412
NAR,52000571
NAR,52000074
NAR,76000263
NAR,40000253
ITF,63000368
ITF,40000093
NAR,52000706
ITF,52000461
ITF,40000396
ITF,63000161
NAR,63000129
NAR,63000318
NAR,52000662
ITF,76000015
NAR,52000407
ITF,63000151
ITF,40000221
ITF,72000088
ITF,76000201
NAR,52000512
ITF,72000040
NAR,52000496
NAR,72000755
NAR,72000845
ITF,76000360
NAR,76000271
ITF,72000150
ITF,40000074
NAR,40000255
NAR,40000146
NAR,72000050
NAR,72000137
ITF,76000065
ITF,63000113
NAR,76000081
NAR,76000156
NAR,40000218
ITF,40000148
ITF,52000681
NAR,40000504
ITF,53000128
ITF,72000757
ITF,63000305
ITF,40000182
ITF,76000109
ITF,40000641
ITF,72000105
ITF,72000041
NAR,63000362
ITF,72001038
NAR,52000746
ITF,52000544
NAR,40000433
NAR,52000286
ITF,63000141
ITF,76000152
NAR,40000077
ITF,40000039
ITF,40000336
ITF,72000212
ITF,72000668
NAR,72000830
ITF,72000229
ITF,76000127
ITF,76000005
ITF,53000085
NAR,40000506
NAR,40000186
NAR,52000565
ITF,40000652
NAR,72000131
ITF,40000272
NAR,72000072
ITF,72000175
NAR,40000039
NAR,72000858
NAR,40000132
NAR,63000094
NAR,52000071
NAR,72000058
NAR,76000256
NAR,72000013
ITF,72000092
ITF,72000036
ITF,52000580
NAR,53000081
ITF,63000484
NAR,52000019
NAR,76000077
NAR,63000057
NAR,40000623
NAR,63000232
ITF,76000325
NAR,40000287
ITF,72000358
NAR,72000216
NAR,72000274
ITF,40000238
NAR,53000069
NAR,72001029
NAR,76000167
NAR,72001045
NAR,52000577
NAR,72000166
NAR,40000453
ITF,72000205
NAR,72000068
ITF,63000007
NAR,76000366
NAR,40000653
NAR,52000619
NAR,72000128
NAR,63000248
ITF,72000790
NAR,41000118
NAR,40000324
ITF,52000538
NAR,72000136
ITF,76000062
NAR,52000389
NAR,40000540
NAR,52000479
NAR,52000399
NAR,72000083
NAR,76000400
NAR,63000025
ITF,72000215
ITF,52000403
ITF,72000829
ITF,52000598
NAR,72000411
ITF,63000031
NAR,72000671
NAR,40000467
NAR,52000613
ITF,72000873
ITF,72000034
NAR,76000387
NAR,72000764
ITF,52000744
ITF,40000380
NAR,63000001
ITF,72000588
ITF,52000458
NAR,72000333
ITF,40000658
ITF,76000074
ITF,76000286
ITF,63000365
NAR,40000594
NAR,76000336
ITF,40000318
NAR,63000091
ITF,63000034
ITF,40000581
NAR,52000090
ITF,52000473
ITF,52000416
NAR,52000233
NAR,52000342
NAR,63000296
NAR,40000319
NAR,63000209
NAR,72000824
NAR,40000190
ITF,40000354
ITF,72000580
NAR,52000207
ITF,52000106
ITF,52000269
NAR,52000501
NAR,52000173
ITF,52000484
ITF,63000219
ITF,72000867
NAR,40000252
NAR,52000453
NAR,63000143
NAR,52000017
ITF,52000696
NAR,52000040
ITF,52000415
NAR,72000263
NAR,63000221
ITF,52000642
ITF,63000063
ITF,52000297
NAR,52000325
ITF,40000228
ITF,63000132
NAR,52000340
NAR,72000261
NAR,76000353
ITF,72000336
ITF,40000159
NAR,76000086
ITF,72000118
ITF,40000570
NAR,63000269
ITF,53000053
NAR,40000144
NAR,72000079
NAR,72000254
ITF,40000153
NAR,52000622
ITF,53000090
ITF,63000248
ITF,52000739
NAR,76000007
NAR,72000121
ITF,52000620
NAR,76000177
ITF,63000042
NAR,52000400
ITF,76000309
ITF,72001053
ITF,52000480
ITF,72001017
ITF,52000138
NAR,76000402
ITF,52000497
ITF,40000573
ITF,40000390
ITF,72000044
ITF,72000629
NAR,72000745
NAR,63000167
ITF,40000292
ITF,63000127
ITF,40000523
NAR,40000377
NAR,72000031
ITF,76000406
NAR,40000147
NAR,72000791
NAR,52000625
ITF,40000193
ITF,40000564
NAR,63000092
ITF,40000073
NAR,40000331
ITF,63000414
ITF,72000074
NAR,40000581
NAR,63000515
ITF,40000186
ITF,52000235
ITF,72000115
ITF,63000120
NAR,63000220
ITF,72000265
NAR,63000149
NAR,72000389
NAR,52000653
ITF,40000314
ITF,72000129
ITF,63000418
ITF,72000250
NAR,52000314
ITF,40000077
ITF,72000099
ITF,52000583
NAR,72000141
NAR,63000413
ITF,40000119
ITF,63000040
ITF,40000509
NAR,52000361
NAR,40000293
NAR,72001026
ITF,52000700
ITF,72000172
NAR,63000194
NAR,40000631
NAR,52000592
ITF,40000294
ITF,40000621
ITF,40000040
ITF,40000282
NAR,52000214
ITF,72000377
ITF,63000400
NAR,52000185
NAR,52000316
ITF,52000302
NAR,76000260
ITF,76000414
NAR,63000105
NAR,76000070
NAR,76000154
ITF,76000233
ITF,72000342
NAR,52000081
NAR,52000222
ITF,76000303
ITF,72000051
NAR,72001004
NAR,52000434
ITF,52000530
ITF,76000284
ITF,63000157
ITF,40000267
NAR,52000745
ITF,52000747
ITF,53000137
ITF,63000035
ITF,40000214
ITF,72000278
NAR,52000449
ITF,52000536
ITF,40000029
NAR,52000654
NAR,52000564
NAR,63000042
NAR,40000655
NAR,52000310
ITF,76000050
NAR,63000189
ITF,63000507
NAR,72000778
NAR,72000244
ITF,76000162
NAR,63000206
ITF,52000621
ITF,63000495
ITF,72000109
ITF,40000637
ITF,76000315
NAR,76000218
NAR,72000067
NAR,72000237
ITF,40000274
ITF,72000581
NAR,40000250
NAR,52000415
NAR,53000103
ITF,53000130
NAR,72000280
ITF,52000661
ITF,63000410
NAR,63000028
NAR,40000650
NAR,52000372
NAR,63000023
ITF,40000225
NAR,52000405
NAR,72000392
NAR,40000228
NAR,52000020
NAR,53000120
NAR,63000125
NAR,52000124
NAR,40000652
ITF,76000075
NAR,40000267
ITF,76000040
NAR,40000100
ITF,40000454
NAR,72000864
ITF,40000268
ITF,40000405
NAR,52000182
NAR,40000202
ITF,40000264
NAR,63000342
ITF,52000303
ITF,72000329
ITF,76000262
ITF,63000291
NAR,52000590
ITF,72000590
ITF,76000372
ITF,72000116
NAR,52000236
ITF,72000583
NAR,76000198
ITF,63000224
ITF,72000851
NAR,52000603
NAR,52000718
NAR,76000095
ITF,72000058
ITF,40000508
NAR,72000655
ITF,40000535
ITF,72000214
NAR,52000304
ITF,72000032
NAR,76000390
NAR,52000338
NAR,72001049
NAR,52000344
ITF,52000718
ITF,63000369
ITF,40000659
NAR,52000092
NAR,52000157
NAR,76000350
NAR,76000228
ITF,40000044
NAR,72000412
ITF,72000166
NAR,72000096
ITF,72000391
NAR,40000611
NAR,52000523
ITF,76000078
ITF,72000671
ITF,40000106
ITF,76000256
NAR,52000018
NAR,76000382
NAR,40000593
NAR,52000739
NAR,40000352
NAR,76000244
ITF,52000534
ITF,40000185
ITF,72000079
NAR,72000049
ITF,40000387
NAR,52000635
ITF,72000874
NAR,76000006
ITF,40000088
ITF,76000042
ITF,40000465
NAR,72000110
ITF,40000005
NAR,63000066
ITF,52000041
ITF,40000112
NAR,76000241
NAR,40000032
ITF,72000057
ITF,72000238
NAR,63000171
ITF,72000053
NAR,76000089
NAR,76000237
NAR,72000313
NAR,40000246
ITF,72000103
ITF,40000206
NAR,52000593
ITF,72000281
NAR,40000011
ITF,52000515
ITF,76000206
NAR,63000289
NAR,76000349
ITF,40000343
ITF,72000297
NAR,63000107
ITF,72000121
NAR,40000378
ITF,52000520
ITF,63000125
ITF,40000129
NAR,52000423
NAR,52000384
NAR,52000658
NAR,40000661
NAR,52000546
ITF,40000009
NAR,52000116
NAR,40000135
NAR,72000840
NAR,72000332
ITF,63000271
ITF,76000021
ITF,63000026
NAR,40000374
NAR,72000809
ITF,72000875
NAR,63000277
NAR,76000054
ITF,76000248
ITF,52000526
ITF,53000127
ITF,40000503
NAR,40000145
ITF,72000201
NAR,40000480
NAR,52000580
ITF,76000174
ITF,63000528
NAR,40000608
ITF,53000003
NAR,52000294
NAR,40000515
ITF,76000212
ITF,63000014
ITF,76000059
ITF,72000062
ITF,63000272
ITF,52000650
NAR,63000274
ITF,76000096
ITF,63000175
NAR,72000765
NAR,53000098
ITF,40000025
NAR,72000063
NAR,63000292
NAR,52000440
ITF,72000760
NAR,40000394
ITF,52000524
ITF,63000370
NAR,52000194
ITF,63000190
ITF,40000069
ITF,76000054
ITF,63000149
ITF,40000135
NAR,63000106
NAR,72000814
NAR,63000258
ITF,52000254
ITF,76000288
NAR,52000227
NAR,40000488
NAR,72000071
NAR,40000280
ITF,63000225
NAR,40000462
ITF,52000426
NAR,76000127
ITF,52000502
ITF,76000068
ITF,76000364
ITF,52000395
ITF,40000384
ITF,52000076
ITF,40000179
NAR,76000162
NAR,72000790
ITF,63000162
ITF,76000022
ITF,63000090
ITF,40000663
NAR,40000314
ITF,72000666
ITF,76000221
ITF,76000179
NAR,72000829
NAR,72000160
ITF,52000436
ITF,40000619
NAR,52000184
NAR,40000452
ITF,52000631
NAR,72000205
ITF,76000244
NAR,76000033
ITF,76000326
NAR,52000321
NAR,52000763
ITF,52000618
NAR,72000736
NAR,76000080
ITF,40000241
NAR,72000300
ITF,63000268
ITF,52000247
ITF,40000377
ITF,40000076
NAR,72000391
NAR,52000461
ITF,72000834
ITF,72000111
NAR,52000255
ITF,63000109
ITF,72000676
ITF,72000835
ITF,52000284
NAR,63000418
NAR,52000421
ITF,72000140
NAR,52000588
ITF,72000594
ITF,72000683
ITF,40000588
NAR,72000101
ITF,76000079
ITF,63000037
NAR,52000326
NAR,72000628
NAR,76000063
NAR,52000424
NAR,76000413
ITF,76000389
NAR,40000618
NAR,52000363
NAR,72000706
ITF,72000752
ITF,52000753
NAR,52000502
ITF,63000164
NAR,52000263
ITF,63000324
ITF,72000138
NAR,40000285
NAR,72000767
NAR,40000535
NAR,63000208
ITF,76000130
NAR,72000870
NAR,52000341
NAR,40000051
ITF,72000841
ITF,72000059
NAR,52000517
ITF,52000483
NAR,40000337
NAR,40000086
NAR,52000322
ITF,40000133
NAR,52000597
ITF,52000341
NAR,63000199
NAR,72000816
NAR,63000077
ITF,72000076
NAR,76000097
ITF,72000604
ITF,40000642
NAR,52000373
ITF,52000142
ITF,63000094
NAR,72000057
ITF,63000136
ITF,76000218
NAR,63000174
ITF,52000703
ITF,40000190
NAR,72000138
ITF,72000252
ITF,40000379
NAR,72000873
ITF,52000632
NAR,40000181
NAR,52000296
ITF,40000614
ITF,40000484
NAR,72001018
ITF,40000150
ITF,40000538
NAR,63000267
ITF,63000068
ITF,72000176
ITF,76000194
ITF,40000525
ITF,76000381
NAR,63000070
ITF,52000477
NAR,76000393
NAR,40000062
NAR,76000019
ITF,52000368
NAR,52000698
ITF,76000254
ITF,40000654
NAR,53000096
NAR,72000035
ITF,40000408
ITF,40000146
NAR,72000763
NAR,63000148
NAR,52000079
NAR,52000714
ITF,40000493
ITF,52000400
ITF,72000820
ITF,76000031
ITF,63000069
ITF,52000687
NAR,52000583
NAR,72000403
ITF,52000610
ITF,40000173
ITF,76000093
ITF,76000258
ITF,72000235
ITF,40000566
NAR,63000089
ITF,40000165
ITF,76000045
NAR,76000069
NAR,72000607
ITF,40000609
NAR,76000043
NAR,72000854
ITF,63000143
ITF,52000504
NAR,40000119
NAR,72000127
ITF,52000282
NAR,52000226
ITF,40000078
ITF,76000229
NAR,52000049
NAR,40000087
ITF,76000365
ITF,40000328
NAR,40000178
ITF,72000095
ITF,40000216
NAR,63000201
ITF,40000633
NAR,40000221
NAR,72000159
ITF,52000756
NAR,76000011
NAR,52000094
ITF,72000761
NAR,52000133
ITF,40000534
ITF,40000397
NAR,76000180
ITF,72000134
NAR,63000228
ITF,40000458
ITF,76000387
NAR,72000238
ITF,63000022
NAR,63000074
ITF,72000332
NAR,72000022
ITF,72000824
ITF,76000253
NAR,63000140
ITF,76000263
NAR,63000364
ITF,40000086
NAR,53000017
NAR,52000521
NAR,52000660
NAR,53000032
NAR,52000065
NAR,72001000
ITF,52000001
NAR,52000172
ITF,40000297
ITF,40000210
ITF,63000475
NAR,76000124
NAR,72000117
NAR,52000726
ITF,52000635
ITF,72000311
NAR,53000108
NAR,76000230
NAR,52000492
NAR,72001033
ITF,72000712
NAR,72001044
NAR,72000018
NAR,40000275
ITF,72000833
NAR,76000245
ITF,52000320
ITF,40000626
ITF,63000018
ITF,72001045
NAR,52000547
NAR,76000130
ITF,72000230
ITF,40000418
NAR,52000542
NAR,76000165
NAR,76000039
ITF,52000486
ITF,76000095
ITF,76000290
ITF,52000493
NAR,52000507
NAR,40000442
ITF,72000069
ITF,40000660
NAR,63000310
ITF,52000567
ITF,76000102
ITF,52000701
NAR,76000029
ITF,52000692
NAR,52000579
ITF,72000270
ITF,40000434
NAR,52000204
ITF,76000377
ITF,40000542
NAR,72000241
NAR,40000305
ITF,72000326
ITF,76000275
NAR,63000142
ITF,76000341
ITF,63000021
ITF,40000338
ITF,52000312
ITF,72000177
NAR,52000039
ITF,52000476
NAR,72000675
NAR,63000114
ITF,40000094
NAR,63000246
NAR,52000413
NAR,72000042
NAR,53000121
NAR,40000335
ITF,52000513
NAR,63000069
NAR,52000416
ITF,72000840
ITF,52000407
ITF,72001014
NAR,52000281
NAR,52000156
ITF,40000584
NAR,52000756
ITF,40000293
ITF,52000505
NAR,63000153
NAR,52000623
NAR,52000357
NAR,40000058
ITF,40000498
ITF,72000028
NAR,40000009
ITF,40000006
NAR,52000024
ITF,40000217
NAR,76000103
ITF,63000223
ITF,72000269
ITF,76000411
NAR,52000450
NAR,40000344
ITF,52000726
ITF,72000691
ITF,40000403
NAR,63000230
NAR,52000682
NAR,76000205
NAR,63000238
NAR,63000115
NAR,72000234
ITF,63000133
ITF,76000080
NAR,72000122
ITF,72000182
ITF,63000220
NAR,72000202
NAR,76000079
ITF,40000545
ITF,72000315
ITF,52000241
NAR,53000080
NAR,76000266
NAR,63000165
NAR,40000472
NAR,40000014
NAR,52000604
ITF,63000098
ITF,40000157
ITF,40000097
ITF,63000186
NAR,63000079
ITF,72000042
ITF,63000249
ITF,63000015
NAR,63000093
NAR,40000470
ITF,40000178
ITF,72000108
ITF,63000447
NAR,76000190
NAR,52000553
ITF,40000251
NAR,76000163
ITF,76000135
ITF,52000627
NAR,52000329
ITF,52000347
ITF,40000499
ITF,76000370
ITF,63000004
ITF,76000043
NAR,40000054
NAR,76000178
ITF,52000595
ITF,40000613
NAR,63000068
ITF,52000373
ITF,72000864
NAR,53000077
NAR,52000451
NAR,72000106
ITF,63000061
NAR,40000262
ITF,76000182
NAR,72000207
ITF,52000042
NAR,52000605
ITF,63000532
NAR,53000053
NAR,52000332
NAR,40000503
ITF,72000198
ITF,63000316
ITF,52000719
NAR,52000454
ITF,76000336
ITF,63000273
NAR,52000169
NAR,72000197
ITF,40000502
NAR,40000627
ITF,76000345
ITF,76000049
ITF,40000101
NAR,63000099
NAR,40000501
ITF,52000067
ITF,76000018
ITF,40000298
ITF,63000469
ITF,40000370
NAR,72000579
NAR,76000042
NAR,72000112
ITF,72000056
NAR,63000073
ITF,72000193
ITF,72000262
ITF,40000519
ITF,72000017
NAR,72000104
ITF,72000743
ITF,72000143
NAR,52000244
NAR,72000657
ITF,72000158
ITF,40000532
ITF,63000252
ITF,52000560
NAR,40000400
NAR,76000391
NAR,40000242
NAR,40000321
NAR,72000304
ITF,40000057
NAR,52000262
NAR,63000034
NAR,40000211
ITF,63000083
ITF,52000126
ITF,52000761
NAR,52000302
NAR,52000537
NAR,40000308
ITF,72000263
NAR,52000601
NAR,52000499
ITF,63000498
ITF,72000810
NAR,52000408
NAR,41000406
NAR,40000290
NAR,40000127
ITF,40000411
NAR,52000162
NAR,52000575
NAR,52000574
ITF,72000411
ITF,40000322
ITF,76000034
ITF,40000476
ITF,40000369
ITF,63000058
ITF,52000525
NAR,72000043
ITF,72000751
ITF,76000327
ITF,63000480
NAR,52000645
NAR,72000124
NAR,72000835
NAR,52000064
NAR,52000624
ITF,63000289
ITF,76000396
ITF,76000145
ITF,52000463
NAR,40000479
ITF,63000280
NAR,40000269
ITF,72000010
ITF,40000280
NAR,52000201
NAR,72000164
ITF,63000009
NAR,40000578
ITF,40000117
NAR,63000219
NAR,63000051
NAR,52000308
NAR,72000086
ITF,72000085
ITF,63000204
ITF,52000345
ITF,63000115
NAR,40000577
NAR,52000331
ITF,40000001
NAR,40000130
ITF,52000729
ITF,72000886
NAR,52000180
NAR,40000658
NAR,72000328
ITF,72000027
ITF,40000431
ITF,76000404
ITF,52000119
ITF,52000369
ITF,72000859
ITF,63000229
NAR,63000445
ITF,40000240
ITF,72001047
ITF,40000413
ITF,63000053
NAR,52000661
ITF,76000199
NAR,40000057
NAR,63000300
NAR,40000609
ITF,72001015
NAR,40000048
ITF,72000261
NAR,40000451
ITF,76000101
NAR,63000294
ITF,40000404
ITF,72000853
ITF,76000114
NAR,72000877
NAR,52000097
ITF,40000376
NAR,72000586
NAR,72000184
ITF,40000194
ITF,40000514
ITF,63000212
ITF,72000871
ITF,40000577
NAR,40000630
NAR,40000460
ITF,52000540
NAR,63000190
ITF,76000134
ITF,40000184
NAR,72000272
ITF,63000234
ITF,72000823
NAR,52000709
ITF,63000240
ITF,63000001
ITF,52000750
NAR,72000190
ITF,52000021
ITF,63000051
NAR,52000242
NAR,52000721
ITF,72001010
ITF,76000118
ITF,63000073
NAR,72000129
NAR,40000551
NAR,52000620
NAR,72000087
ITF,40000481
NAR,76000206
ITF,72000602
NAR,72000631
ITF,72000136
ITF,63000012
ITF,40000521
NAR,52000544
ITF,40000145
ITF,40000623
NAR,40000332
NAR,72001014
NAR,40000405
ITF,52000705
ITF,40000099
ITF,72000821
ITF,72001296
ITF,40000457
ITF,40000098
ITF,40000602
ITF,40000468
ITF,76000029
ITF,76000124
ITF,76000358
ITF,53000108
ITF,63000277
ITF,40000517
ITF,40000278
NAR,63000308
NAR,72000601
ITF,72000880
NAR,72000135
ITF,52000411
ITF,72000407
NAR,72000005
ITF,52000445
ITF,72000766
ITF,63000500
NAR,52000368
ITF,63000218
NAR,40000238
ITF,40000319
ITF,63000020
ITF,72000188
ITF,52000682
ITF,40000281
ITF,76000349
ITF,40000220
NAR,40000318
NAR,40000516
NAR,63000082
NAR,63000297
ITF,52000160
ITF,40000187
ITF,63000150
ITF,52000579
ITF,52000717
NAR,40000216
NAR,72000255
ITF,63000285
ITF,76000038
NAR,52000510
ITF,52000762
ITF,52000571
NAR,52000678
ITF,63000346
ITF,76000292
NAR,40000428
ITF,52000654
ITF,40000271
ITF,52000181
ITF,76000367
NAR,40000489
NAR,63000268
ITF,63000168
NAR,63000168
ITF,40000513
ITF,52000264
NAR,72000683
ITF,52000212
NAR,40000659
ITF,40000248
NAR,52000387
ITF,76000394
NAR,40000247
ITF,76000273
ITF,72001022
ITF,72000350
NAR,52000163
ITF,63000050
ITF,76000294
NAR,40000300
NAR,52000733
NAR,52000636
ITF,40000406
NAR,72000196
ITF,72001008
ITF,76000347
ITF,40000441
ITF,40000544
ITF,72000295
ITF,72000675
ITF,52000035
NAR,52000004
NAR,52000438
ITF,76000401
ITF,40000556
NAR,52000253
ITF,63000079
NAR,72000871
NAR,76000335
ITF,76000342
ITF,63000461
ITF,40000276
ITF,72000750
ITF,72000868
ITF,63000202
ITF,72000164
NAR,40000231
ITF,72000011
ITF,40000130
ITF,76000158
NAR,63000111
ITF,63000329
NAR,40000628
ITF,52000186
ITF,72000181
ITF,72000765
ITF,72000599
ITF,72000845
NAR,63000061
ITF,40000479
NAR,40000544
NAR,63000004
NAR,76000111
ITF,40000313
ITF,76000205
NAR,52000676
ITF,72000113
ITF,72000286
ITF,53000135
ITF,52000521
ITF,72000195
NAR,40000200
ITF,40000192
NAR,52000330
ITF,76000348
ITF,76000097
ITF,52000562
NAR,63000049
ITF,52000582
ITF,72001054
ITF,63000095
ITF,40000252
NAR,40000626
ITF,72000192
ITF,53000089
ITF,76000041
ITF,52000168
ITF,72000591
ITF,41000310
ITF,52000185
ITF,52000379
ITF,52000584
NAR,63000053
ITF,63000253
NAR,76000016
ITF,72000738
NAR,72000047
ITF,76000232
NAR,40000487
ITF,40000355
ITF,40000437
ITF,76000366
NAR,40000369
NAR,40000071
ITF,52000677
ITF,63000147
NAR,63000147
ITF,40000247
NAR,72000741
NAR,76000146
ITF,76000343
ITF,76000047
ITF,72000754
ITF,52000466
NAR,40000044
ITF,76000117
ITF,52000413
ITF,76000091
ITF,52000617
ITF,40000571
NAR,72000874
ITF,53000069
NAR,72001019
ITF,40000421
ITF,40000262
NAR,40000260
ITF,72000249
ITF,76000222
NAR,53000140
ITF,52000640
ITF,40000195
NAR,72000625
NAR,52000265
ITF,72000319
NAR,52000708
ITF,72000356
ITF,40000368
ITF,52000406
ITF,72000243
ITF,72000290
ITF,40000230
ITF,40000255
NAR,40000461
ITF,40000181
NAR,72000095
ITF,72000102
ITF,40000158
NAR,52000333
ITF,76000340
ITF,40000506
NAR,72000839
NAR,40000124
ITF,52000634
ITF,63000096
ITF,63000099
ITF,40000134
ITF,40000606
NAR,52000091
ITF,52000215
NAR,76000153
NAR,40000607
NAR,52000630
NAR,40000189
ITF,41000021
NAR,72000377
NAR,52000670
ITF,63000326
ITF,40000203
NAR,52000260
ITF,63000539
NAR,63000234
ITF,40000218
ITF,63000207
ITF,52000196
ITF,40000087
ITF,52000535
ITF,63000265
NAR,52000122
NAR,52000036
ITF,40000548
ITF,52000690
NAR,40000568
ITF,52000514
NAR,63000090
NAR,52000651
ITF,72000145
NAR,63000286
ITF,72000022
ITF,76000331
ITF,40000226
ITF,40000569
NAR,63000170
NAR,72000836
ITF,52000367
ITF,52000195
NAR,52000335
ITF,72000592
ITF,52000193
ITF,52000572
ITF,40000366
ITF,40000066
ITF,40000060
ITF,76000321
ITF,40000351
ITF,40000312
ITF,72000220
ITF,63000347
ITF,63000081
NAR,40000409
ITF,76000009
NAR,52000476
ITF,40000108
ITF,40000371
ITF,63000251
NAR,40000533
ITF,76000002
ITF,40000317
NAR,52000406
ITF,40000335
ITF,72000323
NAR,52000696
ITF,52000728
ITF,52000279
ITF,72000601
ITF,76000192
NAR,41000004
ITF,72000112
NAR,52000498
ITF,72000331
NAR,72000307
ITF,72001036
ITF,52000313
ITF,72000337
ITF,52000004
NAR,72000066
NAR,76000201
NAR,53000015
ITF,40000111
ITF,40000177
NAR,40000140
ITF,63000017
ITF,63000478
ITF,40000472
ITF,40000256
ITF,76000077
ITF,52000563
ITF,72000655
ITF,63000091
NAR,40000167
ITF,40000430
ITF,40000360
ITF,63000213
NAR,40000360
ITF,72001020
ITF,63000177
ITF,40000026
ITF,52000573
ITF,76000285
ITF,52000652
NAR,40000169
ITF,40000260
ITF,40000530
ITF,76000320
NAR,53000111
ITF,72001019
ITF,76000224
ITF,52000043
ITF,40000386
ITF,40000265
ITF,72000335
NAR,72000823
NAR,52000127
ITF,40000304
ITF,52000420
ITF,52000676
NAR,40000157
ITF,72001060
ITF,63000493
ITF,72000631
NAR,76000128
ITF,72000030
ITF,76000378
ITF,72001004
ITF,76000385
NAR,52000219
ITF,40000554
ITF,52000670
ITF,52000091
NAR,76000087
ITF,76000089
NAR,52000543
NAR,72000183
ITF,63000297
NAR,40000622
ITF,76000279
ITF,63000129
ITF,52000175
NAR,40000295
ITF,72000257
ITF,40000424
ITF,63000182
ITF,52000516
ITF,40000550
ITF,52000300
NAR,40000204
ITF,40000211
NAR,72001047
ITF,63000128
ITF,40000286
ITF,72000412
ITF,63000337
ITF,72000284
ITF,40000617
ITF,72000127
ITF,40000161
ITF,72000125
ITF,72000813
ITF,40000438
NAR,52000614
ITF,76000056
ITF,63000183
ITF,76000239
ITF,40000018
ITF,52000741
ITF,76000157
ITF,76000410
ITF,72000273
ITF,40000012
ITF,40000171
ITF,63000165
ITF,40000176
ITF,63000215
ITF,52000487
ITF,72000855
NAR,40000536
NAR,72000025
ITF,72000135
ITF,72000096
ITF,72000598
NAR,63000217
ITF,40000361
ITF,53000081
ITF,63000230
ITF,72000161
ITF,76000010
ITF,52000273
ITF,72000708
ITF,72000830
ITF,52000398
ITF,72001026
ITF,52000547
ITF,40000407
ITF,63000097
ITF,72001042
ITF,40000164
ITF,52000248
ITF,76000363
NAR,72000289
NAR,40000291
ITF,40000353
ITF,72000314
ITF,72000271
NAR,52000723
NAR,63000480
ITF,52000736
ITF,52000323
ITF,52000432
ITF,72000240
ITF,40000600
ITF,72000184
ITF,52000479
NAR,72000147
NAR,72000257
ITF,40000095
ITF,76000241
NAR,76000310
ITF,52000399
ITF,63000052
ITF,72000388
NAR,52000513
ITF,76000397
NAR,40000120
ITF,40000575
ITF,63000241
NAR,40000351
ITF,72000139
ITF,40000639
ITF,52000646
ITF,76000048
ITF,52000566
ITF,40000258
ITF,52000742
NAR,72000091
ITF,52000759
ITF,40000249
ITF,53000104
NAR,52000257
ITF,40000462
ITF,52000454
ITF,40000010
ITF,63000198
ITF,52000734
ITF,76000266
ITF,40000433
ITF,72000157
ITF,53000109
ITF,72000628
ITF,52000638
ITF,40000435
ITF,53000103
ITF,52000619
ITF,40000427
NAR,40000359
ITF,63000024
ITF,52000746
NAR,40000345
ITF,63000047
NAR,40000033
ITF,76000316
ITF,76000190
ITF,52000417
ITF,40000051
ITF,40000647
ITF,52000245
NAR,72000213
ITF,40000646
NAR,72000288
ITF,72001058
NAR,72001480
ITF,63000187
ITF,40000459
ITF,76000067
ITF,52000286
ITF,72000418
ITF,52000754
ITF,63000293
ITF,76000165
ITF,76000151
ITF,63000208
ITF,76000305
ITF,63000060
ITF,40000409
ITF,72000316
ITF,76000390
ITF,40000610
ITF,63000243
ITF,40000603
ITF,52000324
ITF,63000116
ITF,40000056
ITF,52000218
ITF,72000255
ITF,76000339
ITF,40000137
NAR,52000432
ITF,53000116
NAR,40000562
ITF,76000115
NAR,63000172
ITF,63000504
ITF,40000307
ITF,52000444
ITF,40000653
ITF,40000242
ITF,52000217
ITF,72000086
ITF,76000001
ITF,76000276
ITF,72000101
NAR,52000327
ITF,72001063
ITF,63000411
ITF,40000049
ITF,40000237
ITF,72000232
ITF,72000862
ITF,52000593
ITF,40000096
ITF,76000011
ITF,52000669
ITF,52000574
ITF,40000560
ITF,72001003
ITF,40000324
ITF,40000452
ITF,40000594
NAR,76000152
NAR,72000227
ITF,40000604
ITF,76000057
ITF,63000341
ITF,63000139
NAR,72000290
ITF,52000589
ITF,76000131
ITF,63000036
NAR,72000773
ITF,52000307
ITF,63000195
ITF,72000025
NAR,40000543
NAR,76000122
NAR,63000215
ITF,52000294
NAR,72000417
ITF,76000026
ITF,52000740
ITF,53000093
ITF,40000501
ITF,52000685
NAR,63000235
ITF,40000007
ITF,63000196
NAR,76000129
ITF,52000255
ITF,63000464
NAR,72000321
ITF,72000033
ITF,52000396
ITF,72000120
ITF,63000250
NAR,76000010
ITF,72000298
ITF,72000585
ITF,52000062
ITF,63000152
ITF,52000292
ITF,72001218
ITF,40000644
ITF,72000196
ITF,72000882
ITF,72000847
ITF,72000274
ITF,72000827
ITF,40000391
NAR,40000524
ITF,72000341
ITF,40000590
ITF,72000110
ITF,40000572
ITF,72000130
ITF,40000631
NAR,52000713
ITF,72000023
ITF,40000630
ITF,72000093
ITF,52000720
ITF,72000031
ITF,53000055
NAR,72000320
ITF,76000169
ITF,72000207
ITF,40000002
ITF,72000199
ITF,76000105
NAR,76000004
ITF,63000080
NAR,40000134
ITF,72000667
ITF,63000038
NAR,52000610
ITF,40000586
ITF,40000254
NAR,40000284
NAR,40000538
ITF,52000766
ITF,52000723
ITF,52000478
ITF,52000143
ITF,53000062
NAR,40000606
NAR,53000042
ITF,76000383
ITF,76000231
NAR,76000093
ITF,52000590
ITF,63000023
ITF,40000451
ITF,76000073
ITF,72000159
ITF,72000216
ITF,40000505
ITF,40000611
NAR,40000277
ITF,63000232
ITF,63000258
ITF,63000108
ITF,40000625
ITF,76000225
ITF,63000261
ITF,76000287
ITF,40000070
ITF,72000389
ITF,76000032
ITF,72000171
ITF,40000202
ITF,63000176
ITF,72000883
ITF,63000405
ITF,63000008
NAR,52000303
ITF,63000085
NAR,63000287
ITF,52000336
ITF,63000308
ITF,52000267
ITF,76000277
ITF,63000057
ITF,76000123
ITF,52000301
ITF,63000222
ITF,63000459
ITF,40000615
ITF,40000061
ITF,40000612
ITF,72000234
ITF,52000657
ITF,63000226
ITF,40000200
ITF,40000648
ITF,72000807
ITF,72000393
ITF,72000256
NAR,63000216
ITF,52000414
NAR,52000080
ITF,72000359
ITF,40000485
ITF,40000651
NAR,76000258
ITF,40000393
ITF,63000502
ITF,63000124
ITF,40000350
ITF,40000212
ITF,52000770
ITF,53000077
ITF,76000264
NAR,40000507
NAR,52000609
ITF,72000826
ITF,40000142
ITF,52000441
ITF,76000203
ITF,76000092
NAR,52000538
NAR,40000063
ITF,52000063
ITF,63000184
ITF,63000138
ITF,40000416
ITF,40000163
ITF,40000414
ITF,76000250
ITF,52000391
ITF,72000133
NAR,40000245
ITF,76000137
NAR,72000296
ITF,52000629
ITF,63000104
ITF,40000373
NAR,63000251
ITF,72000039
ITF,52000755
ITF,76000267
ITF,52000277
ITF,63000287
ITF,63000181
ITF,52000655
ITF,63000479
ITF,40000585
ITF,40000169
ITF,72000055
ITF,63000084
ITF,40000632
ITF,53000098
ITF,76000362
ITF,76000296
ITF,72000251
ITF,53000078
ITF,72000685
ITF,53000106
ITF,72000098
ITF,52000371
ITF,63000064
ITF,41000003
ITF,72000293
ITF,52000745
ITF,52000470
NAR,40000450
NAR,52000436
ITF,76000126
ITF,76000314
ITF,76000120
ITF,40000326
ITF,63000039
ITF,76000086
NAR,40000254
ITF,63000123
NAR,76000009
ITF,76000247
ITF,52000270
ITF,72000858
ITF,52000240
ITF,72000248
ITF,63000270
ITF,72000169
ITF,76000280
ITF,63000292
NAR,40000194
ITF,40000189
ITF,40000339
ITF,40000423
ITF,76000051
ITF,76000398
ITF,63000388
ITF,40000139
ITF,76000008
ITF,40000662
ITF,72000124
ITF,40000464
ITF,40000340
ITF,40000075
ITF,76000408
ITF,52000424
ITF,72000296
ITF,76000128
NAR,76000179
NAR,76000123
NAR,63000276
ITF,72000094
ITF,40000143
ITF,72001021
ITF,76000323
ITF,40000320
ITF,52000508
ITF,76000094
ITF,40000140
ITF,76000138
ITF,52000708
ITF,63000319
ITF,72000313
ITF,40000657
ITF,76000196
ITF,72000579
ITF,63000533
ITF,53000111
ITF,72001059
ITF,63000082
ITF,63000499
ITF,40000490
ITF,40000557
ITF,76000020
ITF,72000009
ITF,40000162
ITF,40000475
ITF,76000215
ITF,63000011
ITF,76000030
ITF,52000605
ITF,52000551
ITF,40000136
ITF,72000283
ITF,76000269
ITF,63000467
ITF,52000429
ITF,63000013
ITF,40000456
ITF,72000848
ITF,72000686
ITF,76000193
ITF,72000189
ITF,41000002
ITF,52000501
ITF,63000328
NAR,52000404
ITF,40000527
ITF,76000324
ITF,63000266
ITF,76000208
ITF,72000842
ITF,63000282
ITF,40000500
ITF,72000660
ITF,63000027
ITF,52000651
ITF,52000565
ITF,52000070
ITF,76000402
ITF,63000016
ITF,76000141
ITF,52000512
ITF,72000122
ITF,52000691
ITF,76000019
ITF,72001000
ITF,40000045
ITF,40000419
ITF,63000519
ITF,40000310
ITF,40000042
ITF,52000722
ITF,40000079
ITF,76000081
ITF,40000420
ITF,40000533
ITF,72000226
ITF,40000656
ITF,72000117
ITF,40000561
ITF,72000884
ITF,40000655
ITF,40000563
ITF,76000185
ITF,72001044
ITF,72000605
ITF,72000279
ITF,63000235
ITF,63000413
ITF,40000507
ITF,72000245
ITF,40000549
ITF,63000045
ITF,40000444
ITF,40000446
ITF,72000142
ITF,40000568
ITF,40000058
ITF,76000382
